image,action
E:/Project 103/Trimmed Data\train_frames\death_100_frame0_death.jpg,death
E:/Project 103/Trimmed Data\train_frames\death_100_frame1_death.jpg,death
E:/Project 103/Trimmed Data\train_frames\death_101_frame0_death.jpg,death
E:/Project 103/Trimmed Data\train_frames\death_101_frame1_death.jpg,death
E:/Project 103/Trimmed Data\train_frames\death_11_frame0_death.jpg,death
E:/Project 103/Trimmed Data\train_frames\death_13_frame0_death.jpg,death
E:/Project 103/Trimmed Data\train_frames\death_13_frame1_death.jpg,death
E:/Project 103/Trimmed Data\train_frames\death_15_frame0_death.jpg,death
E:/Project 103/Trimmed Data\train_frames\death_15_frame1_death.jpg,death
E:/Project 103/Trimmed Data\train_frames\death_18_frame0_death.jpg,death
E:/Project 103/Trimmed Data\train_frames\death_18_frame1_death.jpg,death
E:/Project 103/Trimmed Data\train_frames\death_19_frame0_death.jpg,death
E:/Project 103/Trimmed Data\train_frames\death_1_frame0_death.jpg,death
E:/Project 103/Trimmed Data\train_frames\death_1_frame1_death.jpg,death
E:/Project 103/Trimmed Data\train_frames\death_1_frame2_death.jpg,death
E:/Project 103/Trimmed Data\train_frames\death_22_frame0_death.jpg,death
E:/Project 103/Trimmed Data\train_frames\death_23_frame0_death.jpg,death
E:/Project 103/Trimmed Data\train_frames\death_24_frame0_death.jpg,death
E:/Project 103/Trimmed Data\train_frames\death_25_frame0_death.jpg,death
E:/Project 103/Trimmed Data\train_frames\death_27_frame0_death.jpg,death
E:/Project 103/Trimmed Data\train_frames\death_27_frame1_death.jpg,death
E:/Project 103/Trimmed Data\train_frames\death_28_frame0_death.jpg,death
E:/Project 103/Trimmed Data\train_frames\death_29_frame0_death.jpg,death
E:/Project 103/Trimmed Data\train_frames\death_29_frame1_death.jpg,death
E:/Project 103/Trimmed Data\train_frames\death_2_frame0_death.jpg,death
E:/Project 103/Trimmed Data\train_frames\death_2_frame1_death.jpg,death
E:/Project 103/Trimmed Data\train_frames\death_2_frame2_death.jpg,death
E:/Project 103/Trimmed Data\train_frames\death_30_frame0_death.jpg,death
E:/Project 103/Trimmed Data\train_frames\death_31_frame0_death.jpg,death
E:/Project 103/Trimmed Data\train_frames\death_32_frame0_death.jpg,death
E:/Project 103/Trimmed Data\train_frames\death_32_frame1_death.jpg,death
E:/Project 103/Trimmed Data\train_frames\death_35_frame0_death.jpg,death
E:/Project 103/Trimmed Data\train_frames\death_38_frame0_death.jpg,death
E:/Project 103/Trimmed Data\train_frames\death_39_frame0_death.jpg,death
E:/Project 103/Trimmed Data\train_frames\death_39_frame1_death.jpg,death
E:/Project 103/Trimmed Data\train_frames\death_3_frame0_death.jpg,death
E:/Project 103/Trimmed Data\train_frames\death_3_frame1_death.jpg,death
E:/Project 103/Trimmed Data\train_frames\death_43_frame0_death.jpg,death
E:/Project 103/Trimmed Data\train_frames\death_43_frame1_death.jpg,death
E:/Project 103/Trimmed Data\train_frames\death_44_frame0_death.jpg,death
E:/Project 103/Trimmed Data\train_frames\death_44_frame1_death.jpg,death
E:/Project 103/Trimmed Data\train_frames\death_44_frame2_death.jpg,death
E:/Project 103/Trimmed Data\train_frames\death_47_frame0_death.jpg,death
E:/Project 103/Trimmed Data\train_frames\death_47_frame1_death.jpg,death
E:/Project 103/Trimmed Data\train_frames\death_47_frame2_death.jpg,death
E:/Project 103/Trimmed Data\train_frames\death_49_frame0_death.jpg,death
E:/Project 103/Trimmed Data\train_frames\death_49_frame1_death.jpg,death
E:/Project 103/Trimmed Data\train_frames\death_50_frame0_death.jpg,death
E:/Project 103/Trimmed Data\train_frames\death_50_frame1_death.jpg,death
E:/Project 103/Trimmed Data\train_frames\death_51_frame0_death.jpg,death
E:/Project 103/Trimmed Data\train_frames\death_53_frame0_death.jpg,death
E:/Project 103/Trimmed Data\train_frames\death_59_frame0_death.jpg,death
E:/Project 103/Trimmed Data\train_frames\death_59_frame1_death.jpg,death
E:/Project 103/Trimmed Data\train_frames\death_5_frame0_death.jpg,death
E:/Project 103/Trimmed Data\train_frames\death_5_frame1_death.jpg,death
E:/Project 103/Trimmed Data\train_frames\death_60_frame0_death.jpg,death
E:/Project 103/Trimmed Data\train_frames\death_60_frame1_death.jpg,death
E:/Project 103/Trimmed Data\train_frames\death_61_frame0_death.jpg,death
E:/Project 103/Trimmed Data\train_frames\death_61_frame1_death.jpg,death
E:/Project 103/Trimmed Data\train_frames\death_63_frame0_death.jpg,death
E:/Project 103/Trimmed Data\train_frames\death_63_frame1_death.jpg,death
E:/Project 103/Trimmed Data\train_frames\death_64_frame0_death.jpg,death
E:/Project 103/Trimmed Data\train_frames\death_64_frame1_death.jpg,death
E:/Project 103/Trimmed Data\train_frames\death_67_frame0_death.jpg,death
E:/Project 103/Trimmed Data\train_frames\death_67_frame1_death.jpg,death
E:/Project 103/Trimmed Data\train_frames\death_6_frame0_death.jpg,death
E:/Project 103/Trimmed Data\train_frames\death_6_frame1_death.jpg,death
E:/Project 103/Trimmed Data\train_frames\death_70_frame0_death.jpg,death
E:/Project 103/Trimmed Data\train_frames\death_70_frame1_death.jpg,death
E:/Project 103/Trimmed Data\train_frames\death_72_frame0_death.jpg,death
E:/Project 103/Trimmed Data\train_frames\death_73_frame0_death.jpg,death
E:/Project 103/Trimmed Data\train_frames\death_73_frame1_death.jpg,death
E:/Project 103/Trimmed Data\train_frames\death_74_frame0_death.jpg,death
E:/Project 103/Trimmed Data\train_frames\death_74_frame1_death.jpg,death
E:/Project 103/Trimmed Data\train_frames\death_74_frame2_death.jpg,death
E:/Project 103/Trimmed Data\train_frames\death_75_frame0_death.jpg,death
E:/Project 103/Trimmed Data\train_frames\death_75_frame1_death.jpg,death
E:/Project 103/Trimmed Data\train_frames\death_75_frame2_death.jpg,death
E:/Project 103/Trimmed Data\train_frames\death_76_frame0_death.jpg,death
E:/Project 103/Trimmed Data\train_frames\death_76_frame1_death.jpg,death
E:/Project 103/Trimmed Data\train_frames\death_76_frame2_death.jpg,death
E:/Project 103/Trimmed Data\train_frames\death_78_frame0_death.jpg,death
E:/Project 103/Trimmed Data\train_frames\death_78_frame1_death.jpg,death
E:/Project 103/Trimmed Data\train_frames\death_78_frame2_death.jpg,death
E:/Project 103/Trimmed Data\train_frames\death_79_frame0_death.jpg,death
E:/Project 103/Trimmed Data\train_frames\death_79_frame1_death.jpg,death
E:/Project 103/Trimmed Data\train_frames\death_7_frame0_death.jpg,death
E:/Project 103/Trimmed Data\train_frames\death_80_frame0_death.jpg,death
E:/Project 103/Trimmed Data\train_frames\death_80_frame1_death.jpg,death
E:/Project 103/Trimmed Data\train_frames\death_80_frame2_death.jpg,death
E:/Project 103/Trimmed Data\train_frames\death_83_frame0_death.jpg,death
E:/Project 103/Trimmed Data\train_frames\death_83_frame1_death.jpg,death
E:/Project 103/Trimmed Data\train_frames\death_84_frame0_death.jpg,death
E:/Project 103/Trimmed Data\train_frames\death_84_frame1_death.jpg,death
E:/Project 103/Trimmed Data\train_frames\death_86_frame0_death.jpg,death
E:/Project 103/Trimmed Data\train_frames\death_86_frame1_death.jpg,death
E:/Project 103/Trimmed Data\train_frames\death_87_frame0_death.jpg,death
E:/Project 103/Trimmed Data\train_frames\death_87_frame1_death.jpg,death
E:/Project 103/Trimmed Data\train_frames\death_88_frame0_death.jpg,death
E:/Project 103/Trimmed Data\train_frames\death_88_frame1_death.jpg,death
E:/Project 103/Trimmed Data\train_frames\death_88_frame2_death.jpg,death
E:/Project 103/Trimmed Data\train_frames\death_89_frame0_death.jpg,death
E:/Project 103/Trimmed Data\train_frames\death_89_frame1_death.jpg,death
E:/Project 103/Trimmed Data\train_frames\death_89_frame2_death.jpg,death
E:/Project 103/Trimmed Data\train_frames\death_90_frame0_death.jpg,death
E:/Project 103/Trimmed Data\train_frames\death_90_frame1_death.jpg,death
E:/Project 103/Trimmed Data\train_frames\death_91_frame0_death.jpg,death
E:/Project 103/Trimmed Data\train_frames\death_91_frame1_death.jpg,death
E:/Project 103/Trimmed Data\train_frames\death_92_frame0_death.jpg,death
E:/Project 103/Trimmed Data\train_frames\death_92_frame1_death.jpg,death
E:/Project 103/Trimmed Data\train_frames\death_93_frame0_death.jpg,death
E:/Project 103/Trimmed Data\train_frames\death_93_frame1_death.jpg,death
E:/Project 103/Trimmed Data\train_frames\death_94_frame0_death.jpg,death
E:/Project 103/Trimmed Data\train_frames\death_94_frame1_death.jpg,death
E:/Project 103/Trimmed Data\train_frames\death_95_frame0_death.jpg,death
E:/Project 103/Trimmed Data\train_frames\death_95_frame1_death.jpg,death
E:/Project 103/Trimmed Data\train_frames\death_97_frame0_death.jpg,death
E:/Project 103/Trimmed Data\train_frames\death_97_frame1_death.jpg,death
E:/Project 103/Trimmed Data\train_frames\death_99_frame0_death.jpg,death
E:/Project 103/Trimmed Data\train_frames\death_99_frame1_death.jpg,death
E:/Project 103/Trimmed Data\train_frames\Kill_100_frame0_kill.jpg,kill
E:/Project 103/Trimmed Data\train_frames\Kill_100_frame1_kill.jpg,kill
E:/Project 103/Trimmed Data\train_frames\Kill_102_frame0_kill.jpg,kill
E:/Project 103/Trimmed Data\train_frames\Kill_103_frame0_kill.jpg,kill
E:/Project 103/Trimmed Data\train_frames\Kill_103_frame1_kill.jpg,kill
E:/Project 103/Trimmed Data\train_frames\Kill_104_frame0_kill.jpg,kill
E:/Project 103/Trimmed Data\train_frames\Kill_11_frame0_kill.jpg,kill
E:/Project 103/Trimmed Data\train_frames\Kill_12_frame0_kill.jpg,kill
E:/Project 103/Trimmed Data\train_frames\Kill_12_frame1_kill.jpg,kill
E:/Project 103/Trimmed Data\train_frames\Kill_13_frame0_kill.jpg,kill
E:/Project 103/Trimmed Data\train_frames\Kill_13_frame1_kill.jpg,kill
E:/Project 103/Trimmed Data\train_frames\Kill_15_frame0_kill.jpg,kill
E:/Project 103/Trimmed Data\train_frames\Kill_15_frame1_kill.jpg,kill
E:/Project 103/Trimmed Data\train_frames\Kill_16_frame0_kill.jpg,kill
E:/Project 103/Trimmed Data\train_frames\Kill_16_frame1_kill.jpg,kill
E:/Project 103/Trimmed Data\train_frames\Kill_17_frame0_kill.jpg,kill
E:/Project 103/Trimmed Data\train_frames\Kill_17_frame1_kill.jpg,kill
E:/Project 103/Trimmed Data\train_frames\Kill_18_frame0_kill.jpg,kill
E:/Project 103/Trimmed Data\train_frames\Kill_18_frame1_kill.jpg,kill
E:/Project 103/Trimmed Data\train_frames\Kill_20_frame0_kill.jpg,kill
E:/Project 103/Trimmed Data\train_frames\Kill_20_frame1_kill.jpg,kill
E:/Project 103/Trimmed Data\train_frames\Kill_21_frame0_kill.jpg,kill
E:/Project 103/Trimmed Data\train_frames\Kill_27_frame0_kill.jpg,kill
E:/Project 103/Trimmed Data\train_frames\Kill_27_frame1_kill.jpg,kill
E:/Project 103/Trimmed Data\train_frames\Kill_28_frame0_kill.jpg,kill
E:/Project 103/Trimmed Data\train_frames\Kill_28_frame1_kill.jpg,kill
E:/Project 103/Trimmed Data\train_frames\Kill_2_frame0_kill.jpg,kill
E:/Project 103/Trimmed Data\train_frames\Kill_2_frame1_kill.jpg,kill
E:/Project 103/Trimmed Data\train_frames\Kill_31_frame0_kill.jpg,kill
E:/Project 103/Trimmed Data\train_frames\Kill_34_frame0_kill.jpg,kill
E:/Project 103/Trimmed Data\train_frames\Kill_34_frame1_kill.jpg,kill
E:/Project 103/Trimmed Data\train_frames\Kill_36_frame0_kill.jpg,kill
E:/Project 103/Trimmed Data\train_frames\Kill_36_frame1_kill.jpg,kill
E:/Project 103/Trimmed Data\train_frames\Kill_38_frame0_kill.jpg,kill
E:/Project 103/Trimmed Data\train_frames\Kill_38_frame1_kill.jpg,kill
E:/Project 103/Trimmed Data\train_frames\Kill_39_frame0_kill.jpg,kill
E:/Project 103/Trimmed Data\train_frames\Kill_39_frame1_kill.jpg,kill
E:/Project 103/Trimmed Data\train_frames\Kill_42_frame0_kill.jpg,kill
E:/Project 103/Trimmed Data\train_frames\Kill_42_frame1_kill.jpg,kill
E:/Project 103/Trimmed Data\train_frames\Kill_43_frame0_kill.jpg,kill
E:/Project 103/Trimmed Data\train_frames\Kill_43_frame1_kill.jpg,kill
E:/Project 103/Trimmed Data\train_frames\Kill_45_frame0_kill.jpg,kill
E:/Project 103/Trimmed Data\train_frames\Kill_45_frame1_kill.jpg,kill
E:/Project 103/Trimmed Data\train_frames\Kill_45_frame2_kill.jpg,kill
E:/Project 103/Trimmed Data\train_frames\Kill_46_frame0_kill.jpg,kill
E:/Project 103/Trimmed Data\train_frames\Kill_46_frame1_kill.jpg,kill
E:/Project 103/Trimmed Data\train_frames\Kill_47_frame0_kill.jpg,kill
E:/Project 103/Trimmed Data\train_frames\Kill_48_frame0_kill.jpg,kill
E:/Project 103/Trimmed Data\train_frames\Kill_48_frame1_kill.jpg,kill
E:/Project 103/Trimmed Data\train_frames\Kill_50_frame0_kill.jpg,kill
E:/Project 103/Trimmed Data\train_frames\Kill_52_frame0_kill.jpg,kill
E:/Project 103/Trimmed Data\train_frames\Kill_52_frame1_kill.jpg,kill
E:/Project 103/Trimmed Data\train_frames\Kill_52_frame2_kill.jpg,kill
E:/Project 103/Trimmed Data\train_frames\Kill_53_frame0_kill.jpg,kill
E:/Project 103/Trimmed Data\train_frames\Kill_53_frame1_kill.jpg,kill
E:/Project 103/Trimmed Data\train_frames\Kill_53_frame2_kill.jpg,kill
E:/Project 103/Trimmed Data\train_frames\Kill_55_frame0_kill.jpg,kill
E:/Project 103/Trimmed Data\train_frames\Kill_55_frame1_kill.jpg,kill
E:/Project 103/Trimmed Data\train_frames\Kill_56_frame0_kill.jpg,kill
E:/Project 103/Trimmed Data\train_frames\Kill_56_frame1_kill.jpg,kill
E:/Project 103/Trimmed Data\train_frames\Kill_57_frame0_kill.jpg,kill
E:/Project 103/Trimmed Data\train_frames\Kill_57_frame1_kill.jpg,kill
E:/Project 103/Trimmed Data\train_frames\Kill_59_frame0_kill.jpg,kill
E:/Project 103/Trimmed Data\train_frames\Kill_59_frame1_kill.jpg,kill
E:/Project 103/Trimmed Data\train_frames\Kill_59_frame2_kill.jpg,kill
E:/Project 103/Trimmed Data\train_frames\Kill_61_frame0_kill.jpg,kill
E:/Project 103/Trimmed Data\train_frames\Kill_61_frame1_kill.jpg,kill
E:/Project 103/Trimmed Data\train_frames\Kill_62_frame0_kill.jpg,kill
E:/Project 103/Trimmed Data\train_frames\Kill_62_frame1_kill.jpg,kill
E:/Project 103/Trimmed Data\train_frames\Kill_63_frame0_kill.jpg,kill
E:/Project 103/Trimmed Data\train_frames\Kill_63_frame1_kill.jpg,kill
E:/Project 103/Trimmed Data\train_frames\Kill_64_frame0_kill.jpg,kill
E:/Project 103/Trimmed Data\train_frames\Kill_64_frame1_kill.jpg,kill
E:/Project 103/Trimmed Data\train_frames\Kill_65_frame0_kill.jpg,kill
E:/Project 103/Trimmed Data\train_frames\Kill_65_frame1_kill.jpg,kill
E:/Project 103/Trimmed Data\train_frames\Kill_66_frame0_kill.jpg,kill
E:/Project 103/Trimmed Data\train_frames\Kill_66_frame1_kill.jpg,kill
E:/Project 103/Trimmed Data\train_frames\Kill_68_frame0_kill.jpg,kill
E:/Project 103/Trimmed Data\train_frames\Kill_68_frame1_kill.jpg,kill
E:/Project 103/Trimmed Data\train_frames\Kill_69_frame0_kill.jpg,kill
E:/Project 103/Trimmed Data\train_frames\Kill_69_frame1_kill.jpg,kill
E:/Project 103/Trimmed Data\train_frames\Kill_6_frame0_kill.jpg,kill
E:/Project 103/Trimmed Data\train_frames\Kill_70_frame0_kill.jpg,kill
E:/Project 103/Trimmed Data\train_frames\Kill_70_frame1_kill.jpg,kill
E:/Project 103/Trimmed Data\train_frames\Kill_71_frame0_kill.jpg,kill
E:/Project 103/Trimmed Data\train_frames\Kill_71_frame1_kill.jpg,kill
E:/Project 103/Trimmed Data\train_frames\Kill_72_frame0_kill.jpg,kill
E:/Project 103/Trimmed Data\train_frames\Kill_72_frame1_kill.jpg,kill
E:/Project 103/Trimmed Data\train_frames\Kill_74_frame0_kill.jpg,kill
E:/Project 103/Trimmed Data\train_frames\Kill_74_frame1_kill.jpg,kill
E:/Project 103/Trimmed Data\train_frames\Kill_74_frame2_kill.jpg,kill
E:/Project 103/Trimmed Data\train_frames\Kill_75_frame0_kill.jpg,kill
E:/Project 103/Trimmed Data\train_frames\Kill_75_frame1_kill.jpg,kill
E:/Project 103/Trimmed Data\train_frames\Kill_76_frame0_kill.jpg,kill
E:/Project 103/Trimmed Data\train_frames\Kill_76_frame1_kill.jpg,kill
E:/Project 103/Trimmed Data\train_frames\Kill_77_frame0_kill.jpg,kill
E:/Project 103/Trimmed Data\train_frames\Kill_77_frame1_kill.jpg,kill
E:/Project 103/Trimmed Data\train_frames\Kill_78_frame0_kill.jpg,kill
E:/Project 103/Trimmed Data\train_frames\Kill_78_frame1_kill.jpg,kill
E:/Project 103/Trimmed Data\train_frames\Kill_79_frame0_kill.jpg,kill
E:/Project 103/Trimmed Data\train_frames\Kill_7_frame0_kill.jpg,kill
E:/Project 103/Trimmed Data\train_frames\Kill_80_frame0_kill.jpg,kill
E:/Project 103/Trimmed Data\train_frames\Kill_80_frame1_kill.jpg,kill
E:/Project 103/Trimmed Data\train_frames\Kill_80_frame2_kill.jpg,kill
E:/Project 103/Trimmed Data\train_frames\Kill_80_frame3_kill.jpg,kill
E:/Project 103/Trimmed Data\train_frames\Kill_84_frame0_kill.jpg,kill
E:/Project 103/Trimmed Data\train_frames\Kill_84_frame1_kill.jpg,kill
E:/Project 103/Trimmed Data\train_frames\Kill_84_frame2_kill.jpg,kill
E:/Project 103/Trimmed Data\train_frames\Kill_85_frame0_kill.jpg,kill
E:/Project 103/Trimmed Data\train_frames\Kill_86_frame0_kill.jpg,kill
E:/Project 103/Trimmed Data\train_frames\Kill_86_frame1_kill.jpg,kill
E:/Project 103/Trimmed Data\train_frames\Kill_8_frame0_kill.jpg,kill
E:/Project 103/Trimmed Data\train_frames\Kill_8_frame1_kill.jpg,kill
E:/Project 103/Trimmed Data\train_frames\Kill_8_frame2_kill.jpg,kill
E:/Project 103/Trimmed Data\train_frames\Kill_90_frame0_kill.jpg,kill
E:/Project 103/Trimmed Data\train_frames\Kill_90_frame1_kill.jpg,kill
E:/Project 103/Trimmed Data\train_frames\Kill_91_frame0_kill.jpg,kill
E:/Project 103/Trimmed Data\train_frames\Kill_91_frame1_kill.jpg,kill
E:/Project 103/Trimmed Data\train_frames\Kill_92_frame0_kill.jpg,kill
E:/Project 103/Trimmed Data\train_frames\Kill_92_frame1_kill.jpg,kill
E:/Project 103/Trimmed Data\train_frames\Kill_95_frame0_kill.jpg,kill
E:/Project 103/Trimmed Data\train_frames\Kill_95_frame1_kill.jpg,kill
E:/Project 103/Trimmed Data\train_frames\Kill_96_frame0_kill.jpg,kill
E:/Project 103/Trimmed Data\train_frames\Kill_96_frame1_kill.jpg,kill
E:/Project 103/Trimmed Data\train_frames\Kill_99_frame0_kill.jpg,kill
E:/Project 103/Trimmed Data\train_frames\Kill_99_frame1_kill.jpg,kill
E:/Project 103/Trimmed Data\train_frames\NoAction_0_frame0_NoAction.jpg,NoAction
E:/Project 103/Trimmed Data\train_frames\NoAction_0_frame1_NoAction.jpg,NoAction
E:/Project 103/Trimmed Data\train_frames\NoAction_0_frame2_NoAction.jpg,NoAction
E:/Project 103/Trimmed Data\train_frames\NoAction_100_frame0_NoAction.jpg,NoAction
E:/Project 103/Trimmed Data\train_frames\NoAction_100_frame1_NoAction.jpg,NoAction
E:/Project 103/Trimmed Data\train_frames\NoAction_100_frame2_NoAction.jpg,NoAction
E:/Project 103/Trimmed Data\train_frames\NoAction_100_frame3_NoAction.jpg,NoAction
E:/Project 103/Trimmed Data\train_frames\NoAction_100_frame4_NoAction.jpg,NoAction
E:/Project 103/Trimmed Data\train_frames\NoAction_100_frame5_NoAction.jpg,NoAction
E:/Project 103/Trimmed Data\train_frames\NoAction_10_frame0_NoAction.jpg,NoAction
E:/Project 103/Trimmed Data\train_frames\NoAction_10_frame1_NoAction.jpg,NoAction
E:/Project 103/Trimmed Data\train_frames\NoAction_10_frame2_NoAction.jpg,NoAction
E:/Project 103/Trimmed Data\train_frames\NoAction_10_frame3_NoAction.jpg,NoAction
E:/Project 103/Trimmed Data\train_frames\NoAction_11_frame0_NoAction.jpg,NoAction
E:/Project 103/Trimmed Data\train_frames\NoAction_11_frame1_NoAction.jpg,NoAction
E:/Project 103/Trimmed Data\train_frames\NoAction_11_frame2_NoAction.jpg,NoAction
E:/Project 103/Trimmed Data\train_frames\NoAction_11_frame3_NoAction.jpg,NoAction
E:/Project 103/Trimmed Data\train_frames\NoAction_11_frame4_NoAction.jpg,NoAction
E:/Project 103/Trimmed Data\train_frames\NoAction_12_frame0_NoAction.jpg,NoAction
E:/Project 103/Trimmed Data\train_frames\NoAction_12_frame1_NoAction.jpg,NoAction
E:/Project 103/Trimmed Data\train_frames\NoAction_12_frame2_NoAction.jpg,NoAction
E:/Project 103/Trimmed Data\train_frames\NoAction_12_frame3_NoAction.jpg,NoAction
E:/Project 103/Trimmed Data\train_frames\NoAction_12_frame4_NoAction.jpg,NoAction
E:/Project 103/Trimmed Data\train_frames\NoAction_14_frame0_NoAction.jpg,NoAction
E:/Project 103/Trimmed Data\train_frames\NoAction_14_frame1_NoAction.jpg,NoAction
E:/Project 103/Trimmed Data\train_frames\NoAction_14_frame2_NoAction.jpg,NoAction
E:/Project 103/Trimmed Data\train_frames\NoAction_14_frame3_NoAction.jpg,NoAction
E:/Project 103/Trimmed Data\train_frames\NoAction_15_frame0_NoAction.jpg,NoAction
E:/Project 103/Trimmed Data\train_frames\NoAction_15_frame1_NoAction.jpg,NoAction
E:/Project 103/Trimmed Data\train_frames\NoAction_15_frame2_NoAction.jpg,NoAction
E:/Project 103/Trimmed Data\train_frames\NoAction_15_frame3_NoAction.jpg,NoAction
E:/Project 103/Trimmed Data\train_frames\NoAction_16_frame0_NoAction.jpg,NoAction
E:/Project 103/Trimmed Data\train_frames\NoAction_16_frame1_NoAction.jpg,NoAction
E:/Project 103/Trimmed Data\train_frames\NoAction_16_frame2_NoAction.jpg,NoAction
E:/Project 103/Trimmed Data\train_frames\NoAction_16_frame3_NoAction.jpg,NoAction
E:/Project 103/Trimmed Data\train_frames\NoAction_17_frame0_NoAction.jpg,NoAction
E:/Project 103/Trimmed Data\train_frames\NoAction_17_frame1_NoAction.jpg,NoAction
E:/Project 103/Trimmed Data\train_frames\NoAction_17_frame2_NoAction.jpg,NoAction
E:/Project 103/Trimmed Data\train_frames\NoAction_19_frame0_NoAction.jpg,NoAction
E:/Project 103/Trimmed Data\train_frames\NoAction_19_frame1_NoAction.jpg,NoAction
E:/Project 103/Trimmed Data\train_frames\NoAction_19_frame2_NoAction.jpg,NoAction
E:/Project 103/Trimmed Data\train_frames\NoAction_1_frame0_NoAction.jpg,NoAction
E:/Project 103/Trimmed Data\train_frames\NoAction_1_frame1_NoAction.jpg,NoAction
E:/Project 103/Trimmed Data\train_frames\NoAction_1_frame2_NoAction.jpg,NoAction
E:/Project 103/Trimmed Data\train_frames\NoAction_1_frame3_NoAction.jpg,NoAction
E:/Project 103/Trimmed Data\train_frames\NoAction_21_frame0_NoAction.jpg,NoAction
E:/Project 103/Trimmed Data\train_frames\NoAction_21_frame1_NoAction.jpg,NoAction
E:/Project 103/Trimmed Data\train_frames\NoAction_21_frame2_NoAction.jpg,NoAction
E:/Project 103/Trimmed Data\train_frames\NoAction_24_frame0_NoAction.jpg,NoAction
E:/Project 103/Trimmed Data\train_frames\NoAction_24_frame1_NoAction.jpg,NoAction
E:/Project 103/Trimmed Data\train_frames\NoAction_24_frame2_NoAction.jpg,NoAction
E:/Project 103/Trimmed Data\train_frames\NoAction_25_frame0_NoAction.jpg,NoAction
E:/Project 103/Trimmed Data\train_frames\NoAction_25_frame1_NoAction.jpg,NoAction
E:/Project 103/Trimmed Data\train_frames\NoAction_25_frame2_NoAction.jpg,NoAction
E:/Project 103/Trimmed Data\train_frames\NoAction_29_frame0_NoAction.jpg,NoAction
E:/Project 103/Trimmed Data\train_frames\NoAction_29_frame1_NoAction.jpg,NoAction
E:/Project 103/Trimmed Data\train_frames\NoAction_29_frame2_NoAction.jpg,NoAction
E:/Project 103/Trimmed Data\train_frames\NoAction_2_frame0_NoAction.jpg,NoAction
E:/Project 103/Trimmed Data\train_frames\NoAction_2_frame1_NoAction.jpg,NoAction
E:/Project 103/Trimmed Data\train_frames\NoAction_2_frame2_NoAction.jpg,NoAction
E:/Project 103/Trimmed Data\train_frames\NoAction_2_frame3_NoAction.jpg,NoAction
E:/Project 103/Trimmed Data\train_frames\NoAction_2_frame4_NoAction.jpg,NoAction
E:/Project 103/Trimmed Data\train_frames\NoAction_32_frame0_NoAction.jpg,NoAction
E:/Project 103/Trimmed Data\train_frames\NoAction_32_frame1_NoAction.jpg,NoAction
E:/Project 103/Trimmed Data\train_frames\NoAction_33_frame0_NoAction.jpg,NoAction
E:/Project 103/Trimmed Data\train_frames\NoAction_33_frame1_NoAction.jpg,NoAction
E:/Project 103/Trimmed Data\train_frames\NoAction_33_frame2_NoAction.jpg,NoAction
E:/Project 103/Trimmed Data\train_frames\NoAction_33_frame3_NoAction.jpg,NoAction
E:/Project 103/Trimmed Data\train_frames\NoAction_33_frame4_NoAction.jpg,NoAction
E:/Project 103/Trimmed Data\train_frames\NoAction_34_frame0_NoAction.jpg,NoAction
E:/Project 103/Trimmed Data\train_frames\NoAction_34_frame1_NoAction.jpg,NoAction
E:/Project 103/Trimmed Data\train_frames\NoAction_34_frame2_NoAction.jpg,NoAction
E:/Project 103/Trimmed Data\train_frames\NoAction_35_frame0_NoAction.jpg,NoAction
E:/Project 103/Trimmed Data\train_frames\NoAction_35_frame1_NoAction.jpg,NoAction
E:/Project 103/Trimmed Data\train_frames\NoAction_35_frame2_NoAction.jpg,NoAction
E:/Project 103/Trimmed Data\train_frames\NoAction_38_frame0_NoAction.jpg,NoAction
E:/Project 103/Trimmed Data\train_frames\NoAction_38_frame1_NoAction.jpg,NoAction
E:/Project 103/Trimmed Data\train_frames\NoAction_38_frame2_NoAction.jpg,NoAction
E:/Project 103/Trimmed Data\train_frames\NoAction_38_frame3_NoAction.jpg,NoAction
E:/Project 103/Trimmed Data\train_frames\NoAction_38_frame4_NoAction.jpg,NoAction
E:/Project 103/Trimmed Data\train_frames\NoAction_39_frame0_NoAction.jpg,NoAction
E:/Project 103/Trimmed Data\train_frames\NoAction_39_frame1_NoAction.jpg,NoAction
E:/Project 103/Trimmed Data\train_frames\NoAction_39_frame2_NoAction.jpg,NoAction
E:/Project 103/Trimmed Data\train_frames\NoAction_39_frame3_NoAction.jpg,NoAction
E:/Project 103/Trimmed Data\train_frames\NoAction_40_frame0_NoAction.jpg,NoAction
E:/Project 103/Trimmed Data\train_frames\NoAction_40_frame1_NoAction.jpg,NoAction
E:/Project 103/Trimmed Data\train_frames\NoAction_40_frame2_NoAction.jpg,NoAction
E:/Project 103/Trimmed Data\train_frames\NoAction_40_frame3_NoAction.jpg,NoAction
E:/Project 103/Trimmed Data\train_frames\NoAction_40_frame4_NoAction.jpg,NoAction
E:/Project 103/Trimmed Data\train_frames\NoAction_41_frame0_NoAction.jpg,NoAction
E:/Project 103/Trimmed Data\train_frames\NoAction_41_frame1_NoAction.jpg,NoAction
E:/Project 103/Trimmed Data\train_frames\NoAction_41_frame2_NoAction.jpg,NoAction
E:/Project 103/Trimmed Data\train_frames\NoAction_41_frame3_NoAction.jpg,NoAction
E:/Project 103/Trimmed Data\train_frames\NoAction_42_frame0_NoAction.jpg,NoAction
E:/Project 103/Trimmed Data\train_frames\NoAction_42_frame1_NoAction.jpg,NoAction
E:/Project 103/Trimmed Data\train_frames\NoAction_42_frame2_NoAction.jpg,NoAction
E:/Project 103/Trimmed Data\train_frames\NoAction_42_frame3_NoAction.jpg,NoAction
E:/Project 103/Trimmed Data\train_frames\NoAction_49_frame0_NoAction.jpg,NoAction
E:/Project 103/Trimmed Data\train_frames\NoAction_49_frame1_NoAction.jpg,NoAction
E:/Project 103/Trimmed Data\train_frames\NoAction_4_frame0_NoAction.jpg,NoAction
E:/Project 103/Trimmed Data\train_frames\NoAction_4_frame1_NoAction.jpg,NoAction
E:/Project 103/Trimmed Data\train_frames\NoAction_4_frame2_NoAction.jpg,NoAction
E:/Project 103/Trimmed Data\train_frames\NoAction_4_frame3_NoAction.jpg,NoAction
E:/Project 103/Trimmed Data\train_frames\NoAction_4_frame4_NoAction.jpg,NoAction
E:/Project 103/Trimmed Data\train_frames\NoAction_4_frame5_NoAction.jpg,NoAction
E:/Project 103/Trimmed Data\train_frames\NoAction_50_frame0_NoAction.jpg,NoAction
E:/Project 103/Trimmed Data\train_frames\NoAction_50_frame1_NoAction.jpg,NoAction
E:/Project 103/Trimmed Data\train_frames\NoAction_50_frame2_NoAction.jpg,NoAction
E:/Project 103/Trimmed Data\train_frames\NoAction_50_frame3_NoAction.jpg,NoAction
E:/Project 103/Trimmed Data\train_frames\NoAction_52_frame0_NoAction.jpg,NoAction
E:/Project 103/Trimmed Data\train_frames\NoAction_52_frame1_NoAction.jpg,NoAction
E:/Project 103/Trimmed Data\train_frames\NoAction_52_frame2_NoAction.jpg,NoAction
E:/Project 103/Trimmed Data\train_frames\NoAction_53_frame0_NoAction.jpg,NoAction
E:/Project 103/Trimmed Data\train_frames\NoAction_53_frame1_NoAction.jpg,NoAction
E:/Project 103/Trimmed Data\train_frames\NoAction_54_frame0_NoAction.jpg,NoAction
E:/Project 103/Trimmed Data\train_frames\NoAction_54_frame1_NoAction.jpg,NoAction
E:/Project 103/Trimmed Data\train_frames\NoAction_54_frame2_NoAction.jpg,NoAction
E:/Project 103/Trimmed Data\train_frames\NoAction_56_frame0_NoAction.jpg,NoAction
E:/Project 103/Trimmed Data\train_frames\NoAction_56_frame1_NoAction.jpg,NoAction
E:/Project 103/Trimmed Data\train_frames\NoAction_56_frame2_NoAction.jpg,NoAction
E:/Project 103/Trimmed Data\train_frames\NoAction_57_frame0_NoAction.jpg,NoAction
E:/Project 103/Trimmed Data\train_frames\NoAction_57_frame1_NoAction.jpg,NoAction
E:/Project 103/Trimmed Data\train_frames\NoAction_57_frame2_NoAction.jpg,NoAction
E:/Project 103/Trimmed Data\train_frames\NoAction_57_frame3_NoAction.jpg,NoAction
E:/Project 103/Trimmed Data\train_frames\NoAction_57_frame4_NoAction.jpg,NoAction
E:/Project 103/Trimmed Data\train_frames\NoAction_5_frame0_NoAction.jpg,NoAction
E:/Project 103/Trimmed Data\train_frames\NoAction_5_frame1_NoAction.jpg,NoAction
E:/Project 103/Trimmed Data\train_frames\NoAction_5_frame2_NoAction.jpg,NoAction
E:/Project 103/Trimmed Data\train_frames\NoAction_5_frame3_NoAction.jpg,NoAction
E:/Project 103/Trimmed Data\train_frames\NoAction_5_frame4_NoAction.jpg,NoAction
E:/Project 103/Trimmed Data\train_frames\NoAction_5_frame5_NoAction.jpg,NoAction
E:/Project 103/Trimmed Data\train_frames\NoAction_60_frame0_NoAction.jpg,NoAction
E:/Project 103/Trimmed Data\train_frames\NoAction_60_frame1_NoAction.jpg,NoAction
E:/Project 103/Trimmed Data\train_frames\NoAction_60_frame2_NoAction.jpg,NoAction
E:/Project 103/Trimmed Data\train_frames\NoAction_61_frame0_NoAction.jpg,NoAction
E:/Project 103/Trimmed Data\train_frames\NoAction_61_frame1_NoAction.jpg,NoAction
E:/Project 103/Trimmed Data\train_frames\NoAction_61_frame2_NoAction.jpg,NoAction
E:/Project 103/Trimmed Data\train_frames\NoAction_63_frame0_NoAction.jpg,NoAction
E:/Project 103/Trimmed Data\train_frames\NoAction_63_frame1_NoAction.jpg,NoAction
E:/Project 103/Trimmed Data\train_frames\NoAction_65_frame0_NoAction.jpg,NoAction
E:/Project 103/Trimmed Data\train_frames\NoAction_65_frame1_NoAction.jpg,NoAction
E:/Project 103/Trimmed Data\train_frames\NoAction_65_frame2_NoAction.jpg,NoAction
E:/Project 103/Trimmed Data\train_frames\NoAction_66_frame0_NoAction.jpg,NoAction
E:/Project 103/Trimmed Data\train_frames\NoAction_66_frame1_NoAction.jpg,NoAction
E:/Project 103/Trimmed Data\train_frames\NoAction_67_frame0_NoAction.jpg,NoAction
E:/Project 103/Trimmed Data\train_frames\NoAction_67_frame1_NoAction.jpg,NoAction
E:/Project 103/Trimmed Data\train_frames\NoAction_67_frame2_NoAction.jpg,NoAction
E:/Project 103/Trimmed Data\train_frames\NoAction_67_frame3_NoAction.jpg,NoAction
E:/Project 103/Trimmed Data\train_frames\NoAction_69_frame0_NoAction.jpg,NoAction
E:/Project 103/Trimmed Data\train_frames\NoAction_69_frame1_NoAction.jpg,NoAction
E:/Project 103/Trimmed Data\train_frames\NoAction_69_frame2_NoAction.jpg,NoAction
E:/Project 103/Trimmed Data\train_frames\NoAction_69_frame3_NoAction.jpg,NoAction
E:/Project 103/Trimmed Data\train_frames\NoAction_69_frame4_NoAction.jpg,NoAction
E:/Project 103/Trimmed Data\train_frames\NoAction_6_frame0_NoAction.jpg,NoAction
E:/Project 103/Trimmed Data\train_frames\NoAction_6_frame1_NoAction.jpg,NoAction
E:/Project 103/Trimmed Data\train_frames\NoAction_6_frame2_NoAction.jpg,NoAction
E:/Project 103/Trimmed Data\train_frames\NoAction_70_frame0_NoAction.jpg,NoAction
E:/Project 103/Trimmed Data\train_frames\NoAction_70_frame1_NoAction.jpg,NoAction
E:/Project 103/Trimmed Data\train_frames\NoAction_70_frame2_NoAction.jpg,NoAction
E:/Project 103/Trimmed Data\train_frames\NoAction_71_frame0_NoAction.jpg,NoAction
E:/Project 103/Trimmed Data\train_frames\NoAction_71_frame1_NoAction.jpg,NoAction
E:/Project 103/Trimmed Data\train_frames\NoAction_71_frame2_NoAction.jpg,NoAction
E:/Project 103/Trimmed Data\train_frames\NoAction_72_frame0_NoAction.jpg,NoAction
E:/Project 103/Trimmed Data\train_frames\NoAction_72_frame1_NoAction.jpg,NoAction
E:/Project 103/Trimmed Data\train_frames\NoAction_72_frame2_NoAction.jpg,NoAction
E:/Project 103/Trimmed Data\train_frames\NoAction_73_frame0_NoAction.jpg,NoAction
E:/Project 103/Trimmed Data\train_frames\NoAction_73_frame1_NoAction.jpg,NoAction
E:/Project 103/Trimmed Data\train_frames\NoAction_73_frame2_NoAction.jpg,NoAction
E:/Project 103/Trimmed Data\train_frames\NoAction_74_frame0_NoAction.jpg,NoAction
E:/Project 103/Trimmed Data\train_frames\NoAction_74_frame1_NoAction.jpg,NoAction
E:/Project 103/Trimmed Data\train_frames\NoAction_74_frame2_NoAction.jpg,NoAction
E:/Project 103/Trimmed Data\train_frames\NoAction_74_frame3_NoAction.jpg,NoAction
E:/Project 103/Trimmed Data\train_frames\NoAction_75_frame0_NoAction.jpg,NoAction
E:/Project 103/Trimmed Data\train_frames\NoAction_75_frame1_NoAction.jpg,NoAction
E:/Project 103/Trimmed Data\train_frames\NoAction_75_frame2_NoAction.jpg,NoAction
E:/Project 103/Trimmed Data\train_frames\NoAction_75_frame3_NoAction.jpg,NoAction
E:/Project 103/Trimmed Data\train_frames\NoAction_76_frame0_NoAction.jpg,NoAction
E:/Project 103/Trimmed Data\train_frames\NoAction_76_frame1_NoAction.jpg,NoAction
E:/Project 103/Trimmed Data\train_frames\NoAction_76_frame2_NoAction.jpg,NoAction
E:/Project 103/Trimmed Data\train_frames\NoAction_76_frame3_NoAction.jpg,NoAction
E:/Project 103/Trimmed Data\train_frames\NoAction_78_frame0_NoAction.jpg,NoAction
E:/Project 103/Trimmed Data\train_frames\NoAction_78_frame1_NoAction.jpg,NoAction
E:/Project 103/Trimmed Data\train_frames\NoAction_78_frame2_NoAction.jpg,NoAction
E:/Project 103/Trimmed Data\train_frames\NoAction_79_frame0_NoAction.jpg,NoAction
E:/Project 103/Trimmed Data\train_frames\NoAction_79_frame1_NoAction.jpg,NoAction
E:/Project 103/Trimmed Data\train_frames\NoAction_79_frame2_NoAction.jpg,NoAction
E:/Project 103/Trimmed Data\train_frames\NoAction_79_frame3_NoAction.jpg,NoAction
E:/Project 103/Trimmed Data\train_frames\NoAction_79_frame4_NoAction.jpg,NoAction
E:/Project 103/Trimmed Data\train_frames\NoAction_7_frame0_NoAction.jpg,NoAction
E:/Project 103/Trimmed Data\train_frames\NoAction_7_frame1_NoAction.jpg,NoAction
E:/Project 103/Trimmed Data\train_frames\NoAction_7_frame2_NoAction.jpg,NoAction
E:/Project 103/Trimmed Data\train_frames\NoAction_7_frame3_NoAction.jpg,NoAction
E:/Project 103/Trimmed Data\train_frames\NoAction_7_frame4_NoAction.jpg,NoAction
E:/Project 103/Trimmed Data\train_frames\NoAction_82_frame0_NoAction.jpg,NoAction
E:/Project 103/Trimmed Data\train_frames\NoAction_82_frame1_NoAction.jpg,NoAction
E:/Project 103/Trimmed Data\train_frames\NoAction_82_frame2_NoAction.jpg,NoAction
E:/Project 103/Trimmed Data\train_frames\NoAction_83_frame0_NoAction.jpg,NoAction
E:/Project 103/Trimmed Data\train_frames\NoAction_83_frame1_NoAction.jpg,NoAction
E:/Project 103/Trimmed Data\train_frames\NoAction_83_frame2_NoAction.jpg,NoAction
E:/Project 103/Trimmed Data\train_frames\NoAction_83_frame3_NoAction.jpg,NoAction
E:/Project 103/Trimmed Data\train_frames\NoAction_84_frame0_NoAction.jpg,NoAction
E:/Project 103/Trimmed Data\train_frames\NoAction_84_frame1_NoAction.jpg,NoAction
E:/Project 103/Trimmed Data\train_frames\NoAction_84_frame2_NoAction.jpg,NoAction
E:/Project 103/Trimmed Data\train_frames\NoAction_85_frame0_NoAction.jpg,NoAction
E:/Project 103/Trimmed Data\train_frames\NoAction_85_frame1_NoAction.jpg,NoAction
E:/Project 103/Trimmed Data\train_frames\NoAction_85_frame2_NoAction.jpg,NoAction
E:/Project 103/Trimmed Data\train_frames\NoAction_85_frame3_NoAction.jpg,NoAction
E:/Project 103/Trimmed Data\train_frames\NoAction_88_frame0_NoAction.jpg,NoAction
E:/Project 103/Trimmed Data\train_frames\NoAction_88_frame1_NoAction.jpg,NoAction
E:/Project 103/Trimmed Data\train_frames\NoAction_88_frame2_NoAction.jpg,NoAction
E:/Project 103/Trimmed Data\train_frames\NoAction_88_frame3_NoAction.jpg,NoAction
E:/Project 103/Trimmed Data\train_frames\NoAction_88_frame4_NoAction.jpg,NoAction
E:/Project 103/Trimmed Data\train_frames\NoAction_88_frame5_NoAction.jpg,NoAction
E:/Project 103/Trimmed Data\train_frames\NoAction_8_frame0_NoAction.jpg,NoAction
E:/Project 103/Trimmed Data\train_frames\NoAction_8_frame1_NoAction.jpg,NoAction
E:/Project 103/Trimmed Data\train_frames\NoAction_8_frame2_NoAction.jpg,NoAction
E:/Project 103/Trimmed Data\train_frames\NoAction_8_frame3_NoAction.jpg,NoAction
E:/Project 103/Trimmed Data\train_frames\NoAction_8_frame4_NoAction.jpg,NoAction
E:/Project 103/Trimmed Data\train_frames\NoAction_8_frame5_NoAction.jpg,NoAction
E:/Project 103/Trimmed Data\train_frames\NoAction_90_frame0_NoAction.jpg,NoAction
E:/Project 103/Trimmed Data\train_frames\NoAction_90_frame1_NoAction.jpg,NoAction
E:/Project 103/Trimmed Data\train_frames\NoAction_90_frame2_NoAction.jpg,NoAction
E:/Project 103/Trimmed Data\train_frames\NoAction_90_frame3_NoAction.jpg,NoAction
E:/Project 103/Trimmed Data\train_frames\NoAction_90_frame4_NoAction.jpg,NoAction
E:/Project 103/Trimmed Data\train_frames\NoAction_90_frame5_NoAction.jpg,NoAction
E:/Project 103/Trimmed Data\train_frames\NoAction_92_frame0_NoAction.jpg,NoAction
E:/Project 103/Trimmed Data\train_frames\NoAction_92_frame1_NoAction.jpg,NoAction
E:/Project 103/Trimmed Data\train_frames\NoAction_92_frame2_NoAction.jpg,NoAction
E:/Project 103/Trimmed Data\train_frames\NoAction_92_frame3_NoAction.jpg,NoAction
E:/Project 103/Trimmed Data\train_frames\NoAction_92_frame4_NoAction.jpg,NoAction
E:/Project 103/Trimmed Data\train_frames\NoAction_92_frame5_NoAction.jpg,NoAction
E:/Project 103/Trimmed Data\train_frames\NoAction_94_frame0_NoAction.jpg,NoAction
E:/Project 103/Trimmed Data\train_frames\NoAction_94_frame1_NoAction.jpg,NoAction
E:/Project 103/Trimmed Data\train_frames\NoAction_94_frame2_NoAction.jpg,NoAction
E:/Project 103/Trimmed Data\train_frames\NoAction_97_frame0_NoAction.jpg,NoAction
E:/Project 103/Trimmed Data\train_frames\NoAction_97_frame1_NoAction.jpg,NoAction
E:/Project 103/Trimmed Data\train_frames\NoAction_97_frame2_NoAction.jpg,NoAction
E:/Project 103/Trimmed Data\train_frames\NoAction_97_frame3_NoAction.jpg,NoAction
E:/Project 103/Trimmed Data\train_frames\NoAction_98_frame0_NoAction.jpg,NoAction
E:/Project 103/Trimmed Data\train_frames\NoAction_98_frame1_NoAction.jpg,NoAction
E:/Project 103/Trimmed Data\train_frames\NoAction_98_frame2_NoAction.jpg,NoAction
E:/Project 103/Trimmed Data\train_frames\NoAction_98_frame3_NoAction.jpg,NoAction
E:/Project 103/Trimmed Data\train_frames\smoke_100 _frame0_smoke.jpg,smoke
E:/Project 103/Trimmed Data\train_frames\smoke_100 _frame1_smoke.jpg,smoke
E:/Project 103/Trimmed Data\train_frames\smoke_100 _frame2_smoke.jpg,smoke
E:/Project 103/Trimmed Data\train_frames\smoke_100 _frame3_smoke.jpg,smoke
E:/Project 103/Trimmed Data\train_frames\smoke_100 _frame4_smoke.jpg,smoke
E:/Project 103/Trimmed Data\train_frames\smoke_100 _frame5_smoke.jpg,smoke
E:/Project 103/Trimmed Data\train_frames\smoke_100 _frame6_smoke.jpg,smoke
E:/Project 103/Trimmed Data\train_frames\smoke_100 _frame7_smoke.jpg,smoke
E:/Project 103/Trimmed Data\train_frames\smoke_100 _frame8_smoke.jpg,smoke
E:/Project 103/Trimmed Data\train_frames\smoke_102 _frame0_smoke.jpg,smoke
E:/Project 103/Trimmed Data\train_frames\smoke_102 _frame1_smoke.jpg,smoke
E:/Project 103/Trimmed Data\train_frames\smoke_102 _frame2_smoke.jpg,smoke
E:/Project 103/Trimmed Data\train_frames\smoke_104 _frame0_smoke.jpg,smoke
E:/Project 103/Trimmed Data\train_frames\smoke_104 _frame1_smoke.jpg,smoke
E:/Project 103/Trimmed Data\train_frames\smoke_104 _frame2_smoke.jpg,smoke
E:/Project 103/Trimmed Data\train_frames\smoke_105 _frame0_smoke.jpg,smoke
E:/Project 103/Trimmed Data\train_frames\smoke_105 _frame1_smoke.jpg,smoke
E:/Project 103/Trimmed Data\train_frames\smoke_105 _frame2_smoke.jpg,smoke
E:/Project 103/Trimmed Data\train_frames\smoke_107 _frame0_smoke.jpg,smoke
E:/Project 103/Trimmed Data\train_frames\smoke_107 _frame1_smoke.jpg,smoke
E:/Project 103/Trimmed Data\train_frames\smoke_107 _frame2_smoke.jpg,smoke
E:/Project 103/Trimmed Data\train_frames\smoke_107 _frame3_smoke.jpg,smoke
E:/Project 103/Trimmed Data\train_frames\smoke_107 _frame4_smoke.jpg,smoke
E:/Project 103/Trimmed Data\train_frames\smoke_15 _frame0_smoke.jpg,smoke
E:/Project 103/Trimmed Data\train_frames\smoke_15 _frame1_smoke.jpg,smoke
E:/Project 103/Trimmed Data\train_frames\smoke_15 _frame2_smoke.jpg,smoke
E:/Project 103/Trimmed Data\train_frames\smoke_15 _frame3_smoke.jpg,smoke
E:/Project 103/Trimmed Data\train_frames\smoke_15 _frame4_smoke.jpg,smoke
E:/Project 103/Trimmed Data\train_frames\smoke_16 _frame0_smoke.jpg,smoke
E:/Project 103/Trimmed Data\train_frames\smoke_16 _frame1_smoke.jpg,smoke
E:/Project 103/Trimmed Data\train_frames\smoke_16 _frame2_smoke.jpg,smoke
E:/Project 103/Trimmed Data\train_frames\smoke_17 _frame0_smoke.jpg,smoke
E:/Project 103/Trimmed Data\train_frames\smoke_17 _frame1_smoke.jpg,smoke
E:/Project 103/Trimmed Data\train_frames\smoke_17 _frame2_smoke.jpg,smoke
E:/Project 103/Trimmed Data\train_frames\smoke_17 _frame3_smoke.jpg,smoke
E:/Project 103/Trimmed Data\train_frames\smoke_17 _frame4_smoke.jpg,smoke
E:/Project 103/Trimmed Data\train_frames\smoke_18 _frame0_smoke.jpg,smoke
E:/Project 103/Trimmed Data\train_frames\smoke_18 _frame1_smoke.jpg,smoke
E:/Project 103/Trimmed Data\train_frames\smoke_18 _frame2_smoke.jpg,smoke
E:/Project 103/Trimmed Data\train_frames\smoke_19 _frame0_smoke.jpg,smoke
E:/Project 103/Trimmed Data\train_frames\smoke_19 _frame1_smoke.jpg,smoke
E:/Project 103/Trimmed Data\train_frames\smoke_19 _frame2_smoke.jpg,smoke
E:/Project 103/Trimmed Data\train_frames\smoke_19 _frame3_smoke.jpg,smoke
E:/Project 103/Trimmed Data\train_frames\smoke_19 _frame4_smoke.jpg,smoke
E:/Project 103/Trimmed Data\train_frames\smoke_21 _frame0_smoke.jpg,smoke
E:/Project 103/Trimmed Data\train_frames\smoke_21 _frame1_smoke.jpg,smoke
E:/Project 103/Trimmed Data\train_frames\smoke_22 _frame0_smoke.jpg,smoke
E:/Project 103/Trimmed Data\train_frames\smoke_22 _frame1_smoke.jpg,smoke
E:/Project 103/Trimmed Data\train_frames\smoke_22 _frame2_smoke.jpg,smoke
E:/Project 103/Trimmed Data\train_frames\smoke_24 _frame0_smoke.jpg,smoke
E:/Project 103/Trimmed Data\train_frames\smoke_24 _frame1_smoke.jpg,smoke
E:/Project 103/Trimmed Data\train_frames\smoke_26 _frame0_smoke.jpg,smoke
E:/Project 103/Trimmed Data\train_frames\smoke_26 _frame1_smoke.jpg,smoke
E:/Project 103/Trimmed Data\train_frames\smoke_27 _frame0_smoke.jpg,smoke
E:/Project 103/Trimmed Data\train_frames\smoke_27 _frame1_smoke.jpg,smoke
E:/Project 103/Trimmed Data\train_frames\smoke_27 _frame2_smoke.jpg,smoke
E:/Project 103/Trimmed Data\train_frames\smoke_27 _frame3_smoke.jpg,smoke
E:/Project 103/Trimmed Data\train_frames\smoke_29 _frame0_smoke.jpg,smoke
E:/Project 103/Trimmed Data\train_frames\smoke_29 _frame1_smoke.jpg,smoke
E:/Project 103/Trimmed Data\train_frames\smoke_29 _frame2_smoke.jpg,smoke
E:/Project 103/Trimmed Data\train_frames\smoke_3 _frame0_smoke.jpg,smoke
E:/Project 103/Trimmed Data\train_frames\smoke_3 _frame1_smoke.jpg,smoke
E:/Project 103/Trimmed Data\train_frames\smoke_3 _frame2_smoke.jpg,smoke
E:/Project 103/Trimmed Data\train_frames\smoke_3 _frame3_smoke.jpg,smoke
E:/Project 103/Trimmed Data\train_frames\smoke_3 _frame4_smoke.jpg,smoke
E:/Project 103/Trimmed Data\train_frames\smoke_3 _frame5_smoke.jpg,smoke
E:/Project 103/Trimmed Data\train_frames\smoke_3 _frame6_smoke.jpg,smoke
E:/Project 103/Trimmed Data\train_frames\smoke_32 _frame0_smoke.jpg,smoke
E:/Project 103/Trimmed Data\train_frames\smoke_32 _frame1_smoke.jpg,smoke
E:/Project 103/Trimmed Data\train_frames\smoke_32 _frame2_smoke.jpg,smoke
E:/Project 103/Trimmed Data\train_frames\smoke_33 _frame0_smoke.jpg,smoke
E:/Project 103/Trimmed Data\train_frames\smoke_33 _frame1_smoke.jpg,smoke
E:/Project 103/Trimmed Data\train_frames\smoke_34_frame0_smoke.jpg,smoke
E:/Project 103/Trimmed Data\train_frames\smoke_34_frame1_smoke.jpg,smoke
E:/Project 103/Trimmed Data\train_frames\smoke_34_frame2_smoke.jpg,smoke
E:/Project 103/Trimmed Data\train_frames\smoke_34_frame3_smoke.jpg,smoke
E:/Project 103/Trimmed Data\train_frames\smoke_34_frame4_smoke.jpg,smoke
E:/Project 103/Trimmed Data\train_frames\smoke_36 _frame0_smoke.jpg,smoke
E:/Project 103/Trimmed Data\train_frames\smoke_36 _frame1_smoke.jpg,smoke
E:/Project 103/Trimmed Data\train_frames\smoke_36 _frame2_smoke.jpg,smoke
E:/Project 103/Trimmed Data\train_frames\smoke_37 _frame0_smoke.jpg,smoke
E:/Project 103/Trimmed Data\train_frames\smoke_37 _frame1_smoke.jpg,smoke
E:/Project 103/Trimmed Data\train_frames\smoke_37 _frame2_smoke.jpg,smoke
E:/Project 103/Trimmed Data\train_frames\smoke_38 _frame0_smoke.jpg,smoke
E:/Project 103/Trimmed Data\train_frames\smoke_38 _frame1_smoke.jpg,smoke
E:/Project 103/Trimmed Data\train_frames\smoke_38 _frame2_smoke.jpg,smoke
E:/Project 103/Trimmed Data\train_frames\smoke_38 _frame3_smoke.jpg,smoke
E:/Project 103/Trimmed Data\train_frames\smoke_39 _frame0_smoke.jpg,smoke
E:/Project 103/Trimmed Data\train_frames\smoke_39 _frame1_smoke.jpg,smoke
E:/Project 103/Trimmed Data\train_frames\smoke_40 _frame0_smoke.jpg,smoke
E:/Project 103/Trimmed Data\train_frames\smoke_40 _frame1_smoke.jpg,smoke
E:/Project 103/Trimmed Data\train_frames\smoke_40 _frame2_smoke.jpg,smoke
E:/Project 103/Trimmed Data\train_frames\smoke_41 _frame0_smoke.jpg,smoke
E:/Project 103/Trimmed Data\train_frames\smoke_41 _frame1_smoke.jpg,smoke
E:/Project 103/Trimmed Data\train_frames\smoke_41 _frame2_smoke.jpg,smoke
E:/Project 103/Trimmed Data\train_frames\smoke_42 _frame0_smoke.jpg,smoke
E:/Project 103/Trimmed Data\train_frames\smoke_42 _frame1_smoke.jpg,smoke
E:/Project 103/Trimmed Data\train_frames\smoke_42 _frame2_smoke.jpg,smoke
E:/Project 103/Trimmed Data\train_frames\smoke_42 _frame3_smoke.jpg,smoke
E:/Project 103/Trimmed Data\train_frames\smoke_43 _frame0_smoke.jpg,smoke
E:/Project 103/Trimmed Data\train_frames\smoke_43 _frame1_smoke.jpg,smoke
E:/Project 103/Trimmed Data\train_frames\smoke_43 _frame2_smoke.jpg,smoke
E:/Project 103/Trimmed Data\train_frames\smoke_45 _frame0_smoke.jpg,smoke
E:/Project 103/Trimmed Data\train_frames\smoke_45 _frame1_smoke.jpg,smoke
E:/Project 103/Trimmed Data\train_frames\smoke_45 _frame2_smoke.jpg,smoke
E:/Project 103/Trimmed Data\train_frames\smoke_45 _frame3_smoke.jpg,smoke
E:/Project 103/Trimmed Data\train_frames\smoke_46 _frame0_smoke.jpg,smoke
E:/Project 103/Trimmed Data\train_frames\smoke_46 _frame1_smoke.jpg,smoke
E:/Project 103/Trimmed Data\train_frames\smoke_46 _frame2_smoke.jpg,smoke
E:/Project 103/Trimmed Data\train_frames\smoke_46 _frame3_smoke.jpg,smoke
E:/Project 103/Trimmed Data\train_frames\smoke_48 _frame0_smoke.jpg,smoke
E:/Project 103/Trimmed Data\train_frames\smoke_48 _frame1_smoke.jpg,smoke
E:/Project 103/Trimmed Data\train_frames\smoke_48 _frame2_smoke.jpg,smoke
E:/Project 103/Trimmed Data\train_frames\smoke_49 _frame0_smoke.jpg,smoke
E:/Project 103/Trimmed Data\train_frames\smoke_49 _frame1_smoke.jpg,smoke
E:/Project 103/Trimmed Data\train_frames\smoke_49 _frame2_smoke.jpg,smoke
E:/Project 103/Trimmed Data\train_frames\smoke_49 _frame3_smoke.jpg,smoke
E:/Project 103/Trimmed Data\train_frames\smoke_5 _frame0_smoke.jpg,smoke
E:/Project 103/Trimmed Data\train_frames\smoke_5 _frame1_smoke.jpg,smoke
E:/Project 103/Trimmed Data\train_frames\smoke_50 _frame0_smoke.jpg,smoke
E:/Project 103/Trimmed Data\train_frames\smoke_50 _frame1_smoke.jpg,smoke
E:/Project 103/Trimmed Data\train_frames\smoke_50 _frame2_smoke.jpg,smoke
E:/Project 103/Trimmed Data\train_frames\smoke_50 _frame3_smoke.jpg,smoke
E:/Project 103/Trimmed Data\train_frames\smoke_50 _frame4_smoke.jpg,smoke
E:/Project 103/Trimmed Data\train_frames\smoke_52 _frame0_smoke.jpg,smoke
E:/Project 103/Trimmed Data\train_frames\smoke_52 _frame1_smoke.jpg,smoke
E:/Project 103/Trimmed Data\train_frames\smoke_52 _frame2_smoke.jpg,smoke
E:/Project 103/Trimmed Data\train_frames\smoke_52 _frame3_smoke.jpg,smoke
E:/Project 103/Trimmed Data\train_frames\smoke_56 _frame0_smoke.jpg,smoke
E:/Project 103/Trimmed Data\train_frames\smoke_56 _frame1_smoke.jpg,smoke
E:/Project 103/Trimmed Data\train_frames\smoke_58 _frame0_smoke.jpg,smoke
E:/Project 103/Trimmed Data\train_frames\smoke_58 _frame1_smoke.jpg,smoke
E:/Project 103/Trimmed Data\train_frames\smoke_58 _frame2_smoke.jpg,smoke
E:/Project 103/Trimmed Data\train_frames\smoke_59 _frame0_smoke.jpg,smoke
E:/Project 103/Trimmed Data\train_frames\smoke_59 _frame1_smoke.jpg,smoke
E:/Project 103/Trimmed Data\train_frames\smoke_59 _frame2_smoke.jpg,smoke
E:/Project 103/Trimmed Data\train_frames\smoke_6 _frame0_smoke.jpg,smoke
E:/Project 103/Trimmed Data\train_frames\smoke_6 _frame1_smoke.jpg,smoke
E:/Project 103/Trimmed Data\train_frames\smoke_6 _frame2_smoke.jpg,smoke
E:/Project 103/Trimmed Data\train_frames\smoke_6 _frame3_smoke.jpg,smoke
E:/Project 103/Trimmed Data\train_frames\smoke_6 _frame4_smoke.jpg,smoke
E:/Project 103/Trimmed Data\train_frames\smoke_6 _frame5_smoke.jpg,smoke
E:/Project 103/Trimmed Data\train_frames\smoke_60 _frame0_smoke.jpg,smoke
E:/Project 103/Trimmed Data\train_frames\smoke_60 _frame1_smoke.jpg,smoke
E:/Project 103/Trimmed Data\train_frames\smoke_60 _frame2_smoke.jpg,smoke
E:/Project 103/Trimmed Data\train_frames\smoke_60 _frame3_smoke.jpg,smoke
E:/Project 103/Trimmed Data\train_frames\smoke_62 _frame0_smoke.jpg,smoke
E:/Project 103/Trimmed Data\train_frames\smoke_62 _frame1_smoke.jpg,smoke
E:/Project 103/Trimmed Data\train_frames\smoke_62 _frame2_smoke.jpg,smoke
E:/Project 103/Trimmed Data\train_frames\smoke_62 _frame3_smoke.jpg,smoke
E:/Project 103/Trimmed Data\train_frames\smoke_63 _frame0_smoke.jpg,smoke
E:/Project 103/Trimmed Data\train_frames\smoke_63 _frame1_smoke.jpg,smoke
E:/Project 103/Trimmed Data\train_frames\smoke_63 _frame2_smoke.jpg,smoke
E:/Project 103/Trimmed Data\train_frames\smoke_63 _frame3_smoke.jpg,smoke
E:/Project 103/Trimmed Data\train_frames\smoke_65 _frame0_smoke.jpg,smoke
E:/Project 103/Trimmed Data\train_frames\smoke_65 _frame1_smoke.jpg,smoke
E:/Project 103/Trimmed Data\train_frames\smoke_65 _frame2_smoke.jpg,smoke
E:/Project 103/Trimmed Data\train_frames\smoke_67 _frame0_smoke.jpg,smoke
E:/Project 103/Trimmed Data\train_frames\smoke_67 _frame1_smoke.jpg,smoke
E:/Project 103/Trimmed Data\train_frames\smoke_67 _frame2_smoke.jpg,smoke
E:/Project 103/Trimmed Data\train_frames\smoke_67 _frame3_smoke.jpg,smoke
E:/Project 103/Trimmed Data\train_frames\smoke_68 _frame0_smoke.jpg,smoke
E:/Project 103/Trimmed Data\train_frames\smoke_68 _frame1_smoke.jpg,smoke
E:/Project 103/Trimmed Data\train_frames\smoke_68 _frame2_smoke.jpg,smoke
E:/Project 103/Trimmed Data\train_frames\smoke_69 _frame0_smoke.jpg,smoke
E:/Project 103/Trimmed Data\train_frames\smoke_69 _frame1_smoke.jpg,smoke
E:/Project 103/Trimmed Data\train_frames\smoke_69 _frame2_smoke.jpg,smoke
E:/Project 103/Trimmed Data\train_frames\smoke_69 _frame3_smoke.jpg,smoke
E:/Project 103/Trimmed Data\train_frames\smoke_70 _frame0_smoke.jpg,smoke
E:/Project 103/Trimmed Data\train_frames\smoke_70 _frame1_smoke.jpg,smoke
E:/Project 103/Trimmed Data\train_frames\smoke_70 _frame2_smoke.jpg,smoke
E:/Project 103/Trimmed Data\train_frames\smoke_70 _frame3_smoke.jpg,smoke
E:/Project 103/Trimmed Data\train_frames\smoke_74 _frame0_smoke.jpg,smoke
E:/Project 103/Trimmed Data\train_frames\smoke_74 _frame1_smoke.jpg,smoke
E:/Project 103/Trimmed Data\train_frames\smoke_74 _frame2_smoke.jpg,smoke
E:/Project 103/Trimmed Data\train_frames\smoke_74 _frame3_smoke.jpg,smoke
E:/Project 103/Trimmed Data\train_frames\smoke_74 _frame4_smoke.jpg,smoke
E:/Project 103/Trimmed Data\train_frames\smoke_75 _frame0_smoke.jpg,smoke
E:/Project 103/Trimmed Data\train_frames\smoke_75 _frame1_smoke.jpg,smoke
E:/Project 103/Trimmed Data\train_frames\smoke_75 _frame2_smoke.jpg,smoke
E:/Project 103/Trimmed Data\train_frames\smoke_75 _frame3_smoke.jpg,smoke
E:/Project 103/Trimmed Data\train_frames\smoke_75 _frame4_smoke.jpg,smoke
E:/Project 103/Trimmed Data\train_frames\smoke_75 _frame5_smoke.jpg,smoke
E:/Project 103/Trimmed Data\train_frames\smoke_78 _frame0_smoke.jpg,smoke
E:/Project 103/Trimmed Data\train_frames\smoke_78 _frame1_smoke.jpg,smoke
E:/Project 103/Trimmed Data\train_frames\smoke_78 _frame2_smoke.jpg,smoke
E:/Project 103/Trimmed Data\train_frames\smoke_78 _frame3_smoke.jpg,smoke
E:/Project 103/Trimmed Data\train_frames\smoke_79 _frame0_smoke.jpg,smoke
E:/Project 103/Trimmed Data\train_frames\smoke_79 _frame1_smoke.jpg,smoke
E:/Project 103/Trimmed Data\train_frames\smoke_79 _frame2_smoke.jpg,smoke
E:/Project 103/Trimmed Data\train_frames\smoke_8 _frame0_smoke.jpg,smoke
E:/Project 103/Trimmed Data\train_frames\smoke_8 _frame1_smoke.jpg,smoke
E:/Project 103/Trimmed Data\train_frames\smoke_8 _frame2_smoke.jpg,smoke
E:/Project 103/Trimmed Data\train_frames\smoke_8 _frame3_smoke.jpg,smoke
E:/Project 103/Trimmed Data\train_frames\smoke_8 _frame4_smoke.jpg,smoke
E:/Project 103/Trimmed Data\train_frames\smoke_83 _frame0_smoke.jpg,smoke
E:/Project 103/Trimmed Data\train_frames\smoke_83 _frame1_smoke.jpg,smoke
E:/Project 103/Trimmed Data\train_frames\smoke_83 _frame2_smoke.jpg,smoke
E:/Project 103/Trimmed Data\train_frames\smoke_83 _frame3_smoke.jpg,smoke
E:/Project 103/Trimmed Data\train_frames\smoke_83 _frame4_smoke.jpg,smoke
E:/Project 103/Trimmed Data\train_frames\smoke_84 _frame0_smoke.jpg,smoke
E:/Project 103/Trimmed Data\train_frames\smoke_84 _frame1_smoke.jpg,smoke
E:/Project 103/Trimmed Data\train_frames\smoke_84 _frame2_smoke.jpg,smoke
E:/Project 103/Trimmed Data\train_frames\smoke_85 _frame0_smoke.jpg,smoke
E:/Project 103/Trimmed Data\train_frames\smoke_85 _frame1_smoke.jpg,smoke
E:/Project 103/Trimmed Data\train_frames\smoke_85 _frame2_smoke.jpg,smoke
E:/Project 103/Trimmed Data\train_frames\smoke_87 _frame0_smoke.jpg,smoke
E:/Project 103/Trimmed Data\train_frames\smoke_87 _frame1_smoke.jpg,smoke
E:/Project 103/Trimmed Data\train_frames\smoke_87 _frame2_smoke.jpg,smoke
E:/Project 103/Trimmed Data\train_frames\smoke_87 _frame3_smoke.jpg,smoke
E:/Project 103/Trimmed Data\train_frames\smoke_87 _frame4_smoke.jpg,smoke
E:/Project 103/Trimmed Data\train_frames\smoke_87 _frame5_smoke.jpg,smoke
E:/Project 103/Trimmed Data\train_frames\smoke_88 _frame0_smoke.jpg,smoke
E:/Project 103/Trimmed Data\train_frames\smoke_88 _frame1_smoke.jpg,smoke
E:/Project 103/Trimmed Data\train_frames\smoke_88 _frame2_smoke.jpg,smoke
E:/Project 103/Trimmed Data\train_frames\smoke_88 _frame3_smoke.jpg,smoke
E:/Project 103/Trimmed Data\train_frames\smoke_9 _frame0_smoke.jpg,smoke
E:/Project 103/Trimmed Data\train_frames\smoke_9 _frame1_smoke.jpg,smoke
E:/Project 103/Trimmed Data\train_frames\smoke_9 _frame2_smoke.jpg,smoke
E:/Project 103/Trimmed Data\train_frames\smoke_9 _frame3_smoke.jpg,smoke
E:/Project 103/Trimmed Data\train_frames\smoke_90 _frame0_smoke.jpg,smoke
E:/Project 103/Trimmed Data\train_frames\smoke_90 _frame1_smoke.jpg,smoke
E:/Project 103/Trimmed Data\train_frames\smoke_90 _frame2_smoke.jpg,smoke
E:/Project 103/Trimmed Data\train_frames\smoke_90 _frame3_smoke.jpg,smoke
E:/Project 103/Trimmed Data\train_frames\smoke_92 _frame0_smoke.jpg,smoke
E:/Project 103/Trimmed Data\train_frames\smoke_92 _frame1_smoke.jpg,smoke
E:/Project 103/Trimmed Data\train_frames\smoke_92 _frame2_smoke.jpg,smoke
E:/Project 103/Trimmed Data\train_frames\smoke_92 _frame3_smoke.jpg,smoke
E:/Project 103/Trimmed Data\train_frames\smoke_92 _frame4_smoke.jpg,smoke
E:/Project 103/Trimmed Data\train_frames\smoke_94 _frame0_smoke.jpg,smoke
E:/Project 103/Trimmed Data\train_frames\smoke_94 _frame1_smoke.jpg,smoke
E:/Project 103/Trimmed Data\train_frames\smoke_94 _frame2_smoke.jpg,smoke
E:/Project 103/Trimmed Data\train_frames\smoke_94 _frame3_smoke.jpg,smoke
E:/Project 103/Trimmed Data\train_frames\smoke_94 _frame4_smoke.jpg,smoke
E:/Project 103/Trimmed Data\train_frames\smoke_94 _frame5_smoke.jpg,smoke
E:/Project 103/Trimmed Data\train_frames\smoke_95 _frame0_smoke.jpg,smoke
E:/Project 103/Trimmed Data\train_frames\smoke_95 _frame1_smoke.jpg,smoke
E:/Project 103/Trimmed Data\train_frames\smoke_95 _frame2_smoke.jpg,smoke
E:/Project 103/Trimmed Data\train_frames\smoke_95 _frame3_smoke.jpg,smoke
E:/Project 103/Trimmed Data\train_frames\smoke_96 _frame0_smoke.jpg,smoke
E:/Project 103/Trimmed Data\train_frames\smoke_96 _frame1_smoke.jpg,smoke
E:/Project 103/Trimmed Data\train_frames\smoke_97 _frame0_smoke.jpg,smoke
E:/Project 103/Trimmed Data\train_frames\smoke_97 _frame1_smoke.jpg,smoke
E:/Project 103/Trimmed Data\train_frames\smoke_97 _frame2_smoke.jpg,smoke
E:/Project 103/Trimmed Data\train_frames\smoke_97 _frame3_smoke.jpg,smoke
E:/Project 103/Trimmed Data\train_frames\smoke_99 _frame0_smoke.jpg,smoke
E:/Project 103/Trimmed Data\train_frames\smoke_99 _frame1_smoke.jpg,smoke
E:/Project 103/Trimmed Data\train_frames\smoke_99 _frame2_smoke.jpg,smoke
E:/Project 103/Trimmed Data\train_frames\smoke_99 _frame3_smoke.jpg,smoke
E:/Project 103/Trimmed Data\train_frames\smoke_99 _frame4_smoke.jpg,smoke
E:/Project 103/Trimmed Data\train_frames\smoke_99 _frame5_smoke.jpg,smoke
E:/Project 103/Trimmed Data\train_frames\smoke_99 _frame6_smoke.jpg,smoke
E:/Project 103/Trimmed Data\train_frames\smoke_99 _frame7_smoke.jpg,smoke
E:/Project 103/Trimmed Data\train_frames\smoke_99 _frame8_smoke.jpg,smoke
